product_id,name,description,price,specs,brand,battery_life,OS,category
COMH8EPFKG4RAVTE,DELL 15 Intel Core i3 12th Gen 1215U - (8 GB/512 GB SSD/Windows 11 Home) 3520 Thin and Light Laptop,"Intel Core i3 Processor (12th Gen)8 GB DDR4 RAMWindows 11 Operating System512 GB SSD39.62 cm (15.6 Inch) DisplayMy Dell (Dell Power Manager,Dell Support Assist)1 Year Onsite Warranty",349904852927% off,"Intel Core i3 Processor (12th Gen)8 GB DDR4 RAMWindows 11 Operating System512 GB SSD39.62 cm (15.6 Inch) DisplayMy Dell (Dell Power Manager,Dell Support Assist)1 Year Onsite Warranty",DELL,Unknown,Windows 11,Laptop
COMGXNZGJV3MEMWM,HP Intel Core i5 12th Gen 1235U - (16 GB/512 GB SSD/Windows 11 Home) 15s-fq5330TU|15-fd0111TU Thin and...,Intel Core i5 Processor (12th Gen)16 GB DDR4 RAMWindows 11 Operating System512 GB SSD39.62 cm (15.6 inch) Display1 Year Onsite warranty,499906252620% off,Intel Core i5 Processor (12th Gen)16 GB DDR4 RAMWindows 11 Operating System512 GB SSD39.62 cm (15.6 inch) Display1 Year Onsite warranty,HP,Unknown,Windows 11,Laptop
COMH2F22XWP7DQFM,DELL 15 Intel Core i3 12th Gen 1215U - (8 GB/512 GB SSD/Windows 11 Home) 3520 Thin and Light Laptop,"Intel Core i3 Processor (12th Gen)8 GB DDR4 RAM64 bit Windows 11 Operating System512 GB SSD39.62 cm (15.6 inch) DisplayMy Dell (Dell Power Manager,Dell Support Assist)1 Year Onsite Hardware Service",329904486126% off,"Intel Core i3 Processor (12th Gen)8 GB DDR4 RAM64 bit Windows 11 Operating System512 GB SSD39.62 cm (15.6 inch) DisplayMy Dell (Dell Power Manager,Dell Support Assist)1 Year Onsite Hardware Service",DELL,Unknown,Windows 11,Laptop
COMH4Y6KKRC9YSWE,SAMSUNG Galaxy Book4 Metal Intel Core i3 13th Gen 1315U - (8 GB/512 GB SSD/Windows 11 Home) NP750XGJ-L...,Intel Core i3 Processor (13th Gen)8 GB LPDDR4X RAMWindows 11 Operating System512 GB SSD39.62 cm (15.6 Inch) Display1 Year Onsite Warranty,409905749928% off,Intel Core i3 Processor (13th Gen)8 GB LPDDR4X RAMWindows 11 Operating System512 GB SSD39.62 cm (15.6 Inch) Display1 Year Onsite Warranty,SAMSUNG,Unknown,Windows 11,Laptop
COMH8EPFRSEP9Q6M,DELL 15 Intel Core i5 12th Gen 1235U - (16 GB/512 GB SSD/Windows 11 Home) 3520 Thin and Light Laptop,"Intel Core i5 Processor (12th Gen)16 GB DDR4 RAMWindows 11 Operating System512 GB SSD39.62 cm (15.6 Inch) DisplayMy Dell (Dell Power Manager,Dell Support Assist)1 Year Onsite Warranty",479906241523% off,"Intel Core i5 Processor (12th Gen)16 GB DDR4 RAMWindows 11 Operating System512 GB SSD39.62 cm (15.6 Inch) DisplayMy Dell (Dell Power Manager,Dell Support Assist)1 Year Onsite Warranty",DELL,Unknown,Windows 11,Laptop
COMH8EPFD8X9WXDZ,DELL 15 Intel Core i5 12th Gen 1235U - (8 GB/512 GB SSD/Windows 11 Home) 3520 Thin and Light Laptop,"Intel Core i5 Processor (12th Gen)8 GB DDR4 RAMWindows 11 Operating System512 GB SSD39.62 cm (15.6 Inch) DisplayMy Dell (Dell Power Manager,Dell Support Assist)1 Year Onsite Warranty",459906241526% off,"Intel Core i5 Processor (12th Gen)8 GB DDR4 RAMWindows 11 Operating System512 GB SSD39.62 cm (15.6 Inch) DisplayMy Dell (Dell Power Manager,Dell Support Assist)1 Year Onsite Warranty",DELL,Unknown,Windows 11,Laptop
COMGSYYSHRSUEGMG,Lenovo Chromebook MediaTek Kompanio 520 - (4 GB/128 GB EMMC Storage/Chrome OS) 14M868 Chromebook,MediaTek Kompanio 520 Processor4 GB LPDDR4X RAMChrome Operating System35.56 cm (14 Inch) Display1 Year Carry-in Warranty,219902869023% off,MediaTek Kompanio 520 Processor4 GB LPDDR4X RAMChrome Operating System35.56 cm (14 Inch) Display1 Year Carry-in Warranty,Lenovo,Unknown,Unknown,Laptop
COMH9ZWQCJGMZGXE,Apple MacBook Air Apple M4 - (16 GB/256 GB SSD/macOS Sequoia) MC6T4HN/A,"Apple M4 Processor16 GB Unified Memory RAMMac OS Operating System256 GB SSD34.54 cm (13.6 inch) DisplayBuilt-in Apps: App Store, Books, Calendar, Contacts, FaceTime, Find My, Freeform, GarageBand, Home, iMovie, iPhone Mirroring, Keynote, Mail, Maps, Messages, Music, Notes, Numbers, Pages, Passwords, Photo Booth, Photos, Podcasts, Preview, QuickTime Player, Reminders, Safari, Shortcuts, Stocks, Time Machine, Tips, TV, Voice Memos, Weather1 Year Limited Warranty",91990999007% off,"Apple M4 Processor16 GB Unified Memory RAMMac OS Operating System256 GB SSD34.54 cm (13.6 inch) DisplayBuilt-in Apps: App Store, Books, Calendar, Contacts, FaceTime, Find My, Freeform, GarageBand, Home, iMovie, iPhone Mirroring, Keynote, Mail, Maps, Messages, Music, Notes, Numbers, Pages, Passwords, Photo Booth, Photos, Podcasts, Preview, QuickTime Player, Reminders, Safari, Shortcuts, Stocks, Time Machine, Tips, TV, Voice Memos, Weather1 Year Limited Warranty",Apple,Unknown,Mac,Laptop
COMH9499CDEZTNHX,ASUS Vivobook 15 Intel Core i3 13th Gen 1315U - (16 GB/512 GB SSD/Windows 11 Home) X1504VA-NJ2325WS Th...,Intel Core i3 Processor (13th Gen)16 GB DDR4 RAMWindows 11 Home Operating System512 GB SSD39.62 cm (15.6 Inch) DisplayMicrosoft Office Home 2024 + Microsoft 365 Basic1 Year Onsite Warranty,379905699033% off,Intel Core i3 Processor (13th Gen)16 GB DDR4 RAMWindows 11 Home Operating System512 GB SSD39.62 cm (15.6 Inch) DisplayMicrosoft Office Home 2024 + Microsoft 365 Basic1 Year Onsite Warranty,ASUS,Unknown,Windows 11,Laptop
COMH94992SQ8HYGZ,ASUS Vivobook Go 15 AMD Ryzen 3 Quad Core 7320U - (8 GB/512 GB SSD/Windows 11 Home) E1504FA-NJ130WS Th...,AMD Ryzen 3 Quad Core Processor8 GB LPDDR5 RAMWindows 11 Home Operating System512 GB SSD39.62 cm (15.6 Inch) DisplayMicrosoft Office Home 2024 + Microsoft 365 Basic1 Year Onsite Warranty,299904499033% off,AMD Ryzen 3 Quad Core Processor8 GB LPDDR5 RAMWindows 11 Home Operating System512 GB SSD39.62 cm (15.6 Inch) DisplayMicrosoft Office Home 2024 + Microsoft 365 Basic1 Year Onsite Warranty,ASUS,Unknown,Windows 11,Laptop
COMGZNSBS7Z959EW,HP Backlit Intel Core i5 12th Gen 1235U - (8 GB/512 GB SSD/Windows 11 Home) 15s-fy5002TU Thin and Ligh...,Intel Core i5 Processor (12th Gen)8 GB DDR4 RAM64 bit Windows 11 Operating System512 GB SSD39.62 cm (15.6 Inch) Display1 Year Onsite Warranty,449907006435% off,Intel Core i5 Processor (12th Gen)8 GB DDR4 RAM64 bit Windows 11 Operating System512 GB SSD39.62 cm (15.6 Inch) Display1 Year Onsite Warranty,HP,Unknown,Windows 11,Laptop
COMGQHMZWHRXFWET,CHUWI Intel Celeron Dual Core 11th Gen N4020 - (8 GB/256 GB SSD/Windows 11 Home) HeroBook Pro Laptop,"Light weight, Portable Laptop
RAM/Storage: 8GB LPDDR4 Ram, 256GB M.2 SSD StorageHard-Decoding 4k@60Hz
Graphics/GPU: UHD Graphics 600
Display: 14.1 inch, 16:9 IPS Display
Touchpad: Larger Touchpad with easy control
Keyboard: Chiclet keyboard keysIntel Celeron Dual Core Processor (11th Gen)8 GB DDR4 RAM64 bit Windows 11 Operating System256 GB SSD35.81 cm (14.1 inch) DisplayWPS Office, Operating System Software1 Year Onsite Warranty",169903499051% off,"Light weight, Portable Laptop
RAM/Storage: 8GB LPDDR4 Ram, 256GB M.2 SSD StorageHard-Decoding 4k@60Hz
Graphics/GPU: UHD Graphics 600
Display: 14.1 inch, 16:9 IPS Display
Touchpad: Larger Touchpad with easy control
Keyboard: Chiclet keyboard keysIntel Celeron Dual Core Processor (11th Gen)8 GB DDR4 RAM64 bit Windows 11 Operating System256 GB SSD35.81 cm (14.1 inch) DisplayWPS Office, Operating System Software1 Year Onsite Warranty",CHUWI,Unknown,Windows 11,Laptop
COMGBHKFAYHEMVAT,HP Chromebook Intel Celeron Dual Core N4120 - (4 GB/64 GB EMMC Storage/Chrome OS) 14a-ca0506TU Chromeb...,Intel Celeron Dual Core Processor4 GB LPDDR4 RAM64 bit Chrome Operating System35.56 cm (14 Inch) Touchscreen Display1 Year Onsite Warranty,169903229547% off,Intel Celeron Dual Core Processor4 GB LPDDR4 RAM64 bit Chrome Operating System35.56 cm (14 Inch) Touchscreen Display1 Year Onsite Warranty,HP,Unknown,Unknown,Laptop
COMGZUYDFZXHWYWZ,SAMSUNG Galaxy Book4 Intel Core i5 13th Gen 1335U - (8 GB/512 GB SSD/Windows 11 Home) NP750XGJ-KG1IN /...,Intel Core i5 Processor (13th Gen)8 GB LPDDR4X RAMWindows 11 Operating System512 GB SSD39.62 cm (15.6 Inch) Display1 Year Manufacturer Warranty for Laptop and 6 Months for In-Box Accessories,544907818930% off,Intel Core i5 Processor (13th Gen)8 GB LPDDR4X RAMWindows 11 Operating System512 GB SSD39.62 cm (15.6 Inch) Display1 Year Manufacturer Warranty for Laptop and 6 Months for In-Box Accessories,SAMSUNG,Unknown,Windows 11,Laptop
COMGZUYDYPUZAAXD,SAMSUNG Galaxy Book4 Metal Intel Core i7 13th Gen 1355U - (16 GB/512 GB SSD/Windows 11 Home) NP750XGJ-...,Intel Core i7 Processor (13th Gen)16 GB LPDDR4X RAMWindows 11 Operating System512 GB SSD39.62 cm (15.6 Inch) Display1 Year Manufacturer Warranty for Laptop and 6 Months for In-Box Accessories,689908968923% off,Intel Core i7 Processor (13th Gen)16 GB LPDDR4X RAMWindows 11 Operating System512 GB SSD39.62 cm (15.6 Inch) Display1 Year Manufacturer Warranty for Laptop and 6 Months for In-Box Accessories,SAMSUNG,Unknown,Windows 11,Laptop
COMH56DFUBTUMXRH,HP 15 (2024) AMD Ryzen 3 Quad Core 7320U - (8 GB/512 GB SSD/Windows 11 Home) 15-fc0154AU Thin and Ligh...,AMD Ryzen 3 Quad Core Processor8 GB DDR4 RAMWindows 11 Operating System512 GB SSD39.62 cm (15.6 Inch) Display1 Year Onsite Warranty,299904599534% off,AMD Ryzen 3 Quad Core Processor8 GB DDR4 RAMWindows 11 Operating System512 GB SSD39.62 cm (15.6 Inch) Display1 Year Onsite Warranty,HP,Unknown,Windows 11,Laptop
COMGYSFG4WHPVAVZ,MSI Thin 15 Intel Core i5 12th Gen 12450H - (16 GB/512 GB SSD/Windows 11 Home/4 GB Graphics/NVIDIA GeF...,Intel Core i5 Processor (12th Gen)16 GB DDR4 RAMWindows 11 Operating System512 GB SSD39.62 cm (15.6 Inch) Display2 Year Onsite Warranty,529907099025% off,Intel Core i5 Processor (12th Gen)16 GB DDR4 RAMWindows 11 Operating System512 GB SSD39.62 cm (15.6 Inch) Display2 Year Onsite Warranty,MSI,Unknown,Windows 11,Laptop
COMH3BGBNJYFUAMQ,ASUS TUF Gaming A15 AMD Ryzen 5 Hexa Core 7535HS - (8 GB/512 GB SSD/Windows 11 Pro/4 GB Graphics/NVIDI...,AMD Ryzen 5 Hexa Core Processor8 GB DDR5 RAMWindows 11 Operating System512 GB SSD39.62 cm (15.6 Inch) Display1 Year Onsite Warranty,529907099025% off,AMD Ryzen 5 Hexa Core Processor8 GB DDR5 RAMWindows 11 Operating System512 GB SSD39.62 cm (15.6 Inch) Display1 Year Onsite Warranty,ASUS,Unknown,Windows 11,Laptop
COMH94998FGG8FHG,ASUS Vivobook Go 15 AMD Ryzen 3 Quad Core 7320U - (8 GB/512 GB SSD/Windows 11 Home) E1504FA-NJ131WS Th...,AMD Ryzen 3 Quad Core Processor8 GB LPDDR5 RAMWindows 11 Home Operating System512 GB SSD39.62 cm (15.6 Inch) DisplayMicrosoft Office Home 2024 + Microsoft 365 Basic1 Year Onsite Warranty,299904499033% off,AMD Ryzen 3 Quad Core Processor8 GB LPDDR5 RAMWindows 11 Home Operating System512 GB SSD39.62 cm (15.6 Inch) DisplayMicrosoft Office Home 2024 + Microsoft 365 Basic1 Year Onsite Warranty,ASUS,Unknown,Windows 11,Laptop
COMGZUYDGFJGHZR4,SAMSUNG Galaxy Book4 Metal Intel Core i5 13th Gen 1335U - (16 GB/512 GB SSD/Windows 11 Home) NP750XGJ-...,Intel Core i5 Processor (13th Gen)16 GB LPDDR4X RAMWindows 11 Operating System512 GB SSD39.62 cm (15.6 Inch) Display1 Year Manufacturer Warranty for Laptop and 6 Months for In-Box Accessories,584908278929% off,Intel Core i5 Processor (13th Gen)16 GB LPDDR4X RAMWindows 11 Operating System512 GB SSD39.62 cm (15.6 Inch) Display1 Year Manufacturer Warranty for Laptop and 6 Months for In-Box Accessories,SAMSUNG,Unknown,Windows 11,Laptop
COMH8EPFKNZHWBDJ,DELL 15 Intel Core i5 12th Gen 1235U - (8 GB/512 GB SSD/Windows 11 Home) 3520 Thin and Light Laptop,"Intel Core i5 Processor (12th Gen)8 GB DDR4 RAMWindows 11 Operating System512 GB SSD39.62 cm (15.6 Inch) DisplayMy Dell (Dell Power Manager,Dell Support Assist)1 Year Onsite Warranty",444906510431% off,"Intel Core i5 Processor (12th Gen)8 GB DDR4 RAMWindows 11 Operating System512 GB SSD39.62 cm (15.6 Inch) DisplayMy Dell (Dell Power Manager,Dell Support Assist)1 Year Onsite Warranty",DELL,Unknown,Windows 11,Laptop
COMHAUD4FA7HCZHE,DELL Vostro Intel Core i3 12th Gen 1215U - (8 GB/512 GB SSD/Windows 11 Home) 3520 Laptop,"Intel Core i3 Processor (12th Gen)8 GB DDR4 RAMWindows 11 Operating System512 GB SSD39.62 cm (15.6 Inch) DisplayMy Dell (Dell Power Manager,Dell Support Assist)1 Year Onsite Hardware Service",42906,"Intel Core i3 Processor (12th Gen)8 GB DDR4 RAMWindows 11 Operating System512 GB SSD39.62 cm (15.6 Inch) DisplayMy Dell (Dell Power Manager,Dell Support Assist)1 Year Onsite Hardware Service",DELL,Unknown,Windows 11,Laptop
COMH8VHGGJ9U4PCH,Lenovo IdeaPad Slim 3 Intel Core i5 12th Gen 12450H - (16 GB/512 GB SSD/Windows 11 Home) IdeaPad Slim ...,Intel Core i5 Processor (12th Gen)16 GB LPDDR5 RAMWindows 11 Home Operating System512 GB SSD35.56 cm (14 inch) DisplayOffice Home 20241 Year Carry-in Warranty,487927079031% off,Intel Core i5 Processor (12th Gen)16 GB LPDDR5 RAMWindows 11 Home Operating System512 GB SSD35.56 cm (14 inch) DisplayOffice Home 20241 Year Carry-in Warranty,Lenovo,Unknown,Windows 11,Laptop
COMH4KYWQJYGZF2Z,HP Pavilion Intel Core Ultra 5 125U - (16 GB/1 TB SSD/Windows 11 Home) 16-af0056TU Thin and Light Lapt...,Intel Core Ultra 5 Processor16 GB LPDDR5 RAMWindows 11 Operating System1 TB SSD40.64 cm (16 inch) Display1 Year Onsite Warranty,719909208321% off,Intel Core Ultra 5 Processor16 GB LPDDR5 RAMWindows 11 Operating System1 TB SSD40.64 cm (16 inch) Display1 Year Onsite Warranty,HP,Unknown,Windows 11,Laptop
COMH9SJ9YXA8RGGT,ASUS Vivobook Go 14 (2025) with Office 2024 + M365 Basic* AMD Ryzen 3 Quad Core 7320U - (8 GB/512 GB S...,"AMD Ryzen 3 Quad Core Processor8 GB LPDDR5 RAMWindows 11 Home Operating System512 GB SSD35.56 cm (14 inch) DisplayMicrosoft Office Home 2024 (Lifetime Validity ) + Microsoft 365 Basic*(1-Year Validity), McAfee 1 year1 Year Onsite Warranty",299904399031% off,"AMD Ryzen 3 Quad Core Processor8 GB LPDDR5 RAMWindows 11 Home Operating System512 GB SSD35.56 cm (14 inch) DisplayMicrosoft Office Home 2024 (Lifetime Validity ) + Microsoft 365 Basic*(1-Year Validity), McAfee 1 year1 Year Onsite Warranty",ASUS,Unknown,Windows 11,Laptop
COMH4Y6KZGGKYCGP,ASUS Vivobook 15 Intel Core i5 12th Gen 1235U - (8 GB/512 GB SSD/Windows 11 Home) X1504ZA-NJ527WS|X150...,Intel Core i5 Processor (12th Gen)8 GB DDR4 RAMWindows 11 Operating System512 GB SSD39.62 cm (15.6 Inch) Display1 Year Onsite Warranty,409906999041% off,Intel Core i5 Processor (12th Gen)8 GB DDR4 RAMWindows 11 Operating System512 GB SSD39.62 cm (15.6 Inch) Display1 Year Onsite Warranty,ASUS,Unknown,Windows 11,Laptop
COMH8EPFKG4RAVTE,DELL 15 Intel Core i3 12th Gen 1215U - (8 GB/512 GB SSD/Windows 11 Home) 3520 Thin and Light Laptop,"Intel Core i3 Processor (12th Gen)8 GB DDR4 RAMWindows 11 Operating System512 GB SSD39.62 cm (15.6 Inch) DisplayMy Dell (Dell Power Manager,Dell Support Assist)1 Year Onsite Warranty",349904852927% off,"Intel Core i3 Processor (12th Gen)8 GB DDR4 RAMWindows 11 Operating System512 GB SSD39.62 cm (15.6 Inch) DisplayMy Dell (Dell Power Manager,Dell Support Assist)1 Year Onsite Warranty",DELL,Unknown,Windows 11,Laptop
COMH2F22XWP7DQFM,DELL 15 Intel Core i3 12th Gen 1215U - (8 GB/512 GB SSD/Windows 11 Home) 3520 Thin and Light Laptop,"Intel Core i3 Processor (12th Gen)8 GB DDR4 RAM64 bit Windows 11 Operating System512 GB SSD39.62 cm (15.6 inch) DisplayMy Dell (Dell Power Manager,Dell Support Assist)1 Year Onsite Hardware Service",329904486126% off,"Intel Core i3 Processor (12th Gen)8 GB DDR4 RAM64 bit Windows 11 Operating System512 GB SSD39.62 cm (15.6 inch) DisplayMy Dell (Dell Power Manager,Dell Support Assist)1 Year Onsite Hardware Service",DELL,Unknown,Windows 11,Laptop
COMGT2RFWFYDGZJQ,ASUS X1504ZA Intel Core i3 12th Gen 12th Gen Intel Core i3-1215U - (8 GB/512 GB SSD/Windows 11 Home) X...,Intel Core i3 Processor (12th Gen)8 GB DDR4 RAM64 bit Windows 11 Operating System512 GB SSD39.62 cm (15.6 inch) DisplayMS OFFICE1 YEAR INTERNATIONAL,329905499040% off,Intel Core i3 Processor (12th Gen)8 GB DDR4 RAM64 bit Windows 11 Operating System512 GB SSD39.62 cm (15.6 inch) DisplayMS OFFICE1 YEAR INTERNATIONAL,ASUS,Unknown,Windows 11,Laptop
COMHF6WAGPZCBQVZ,HP Laptop Intel Core i3 13th Gen 1315U - (8 GB/512 GB SSD/Windows 11 Home) 15-fd0129TU Thin and Light ...,Intel Core i3 Processor (13th Gen)8 GB DDR4 RAMWindows 11 Home Operating System512 GB SSD39.62 cm (15.6 inch) Display1 Year Carry-in Warranty,369905090327% off,Intel Core i3 Processor (13th Gen)8 GB DDR4 RAMWindows 11 Home Operating System512 GB SSD39.62 cm (15.6 inch) Display1 Year Carry-in Warranty,HP,Unknown,Windows 11,Laptop
COMGXNZGJV3MEMWM,HP Intel Core i5 12th Gen 1235U - (16 GB/512 GB SSD/Windows 11 Home) 15s-fq5330TU|15-fd0111TU Thin and...,Intel Core i5 Processor (12th Gen)16 GB DDR4 RAMWindows 11 Operating System512 GB SSD39.62 cm (15.6 inch) Display1 Year Onsite warranty,499906252620% off,Intel Core i5 Processor (12th Gen)16 GB DDR4 RAMWindows 11 Operating System512 GB SSD39.62 cm (15.6 inch) Display1 Year Onsite warranty,HP,Unknown,Windows 11,Laptop
COMH8EPFD8X9WXDZ,DELL 15 Intel Core i5 12th Gen 1235U - (8 GB/512 GB SSD/Windows 11 Home) 3520 Thin and Light Laptop,"Intel Core i5 Processor (12th Gen)8 GB DDR4 RAMWindows 11 Operating System512 GB SSD39.62 cm (15.6 Inch) DisplayMy Dell (Dell Power Manager,Dell Support Assist)1 Year Onsite Warranty",459906241526% off,"Intel Core i5 Processor (12th Gen)8 GB DDR4 RAMWindows 11 Operating System512 GB SSD39.62 cm (15.6 Inch) DisplayMy Dell (Dell Power Manager,Dell Support Assist)1 Year Onsite Warranty",DELL,Unknown,Windows 11,Laptop
COMH7NCZY2QDJ5Z4,Acer Aspire 3 Intel Celeron Dual Core - (8 GB/512 GB SSD/Windows 11 Home) A311-45 Thin and Light Lapto...,Intel Celeron Dual Core Processor8 GB DDR4 RAM64 bit Windows 11 Home Operating System512 GB SSD29.46 cm (11.6 inch) Display1 Year Warranty,179903599950% off,Intel Celeron Dual Core Processor8 GB DDR4 RAM64 bit Windows 11 Home Operating System512 GB SSD29.46 cm (11.6 inch) Display1 Year Warranty,Acer,Unknown,Windows 11,Laptop
COMHYG8ZSP9DC2GZ,"ASUS Vivobook 15, with Backlit Keyboard, Intel Core i5 12th Gen 1235U - (16 GB/512 GB SSD/Windows 11 H...",Intel Core i5 Processor (12th Gen)16 GB DDR4 RAMWindows 11 Operating System512 GB SSD39.62 cm (15.6 Inch) Display1 Year Onsite Warranty,459906699031% off,Intel Core i5 Processor (12th Gen)16 GB DDR4 RAMWindows 11 Operating System512 GB SSD39.62 cm (15.6 Inch) Display1 Year Onsite Warranty,ASUS,Unknown,Windows 11,Laptop
COMH4Y6KT9ZMYXA6,ASUS Vivobook 15 Intel Core i3 12th Gen 1215U - (8 GB/512 GB SSD/Windows 11 Home) X1504ZA-NJ322WS Thin...,Intel Core i3 Processor (12th Gen)8 GB DDR4 RAMWindows 11 Operating System512 GB SSD39.62 cm (15.6 Inch) Display1 Year Onsite Warranty,299905499045% off,Intel Core i3 Processor (12th Gen)8 GB DDR4 RAMWindows 11 Operating System512 GB SSD39.62 cm (15.6 Inch) Display1 Year Onsite Warranty,ASUS,Unknown,Windows 11,Laptop
COMGSVFETYUGZUHR,Lenovo Yoga Slim 6 WUXGA OLED Intel Core i5 13th Gen 13500H - (16 GB/512 GB SSD/Windows 11 Home) 14IRH...,Intel Core i5 Processor (13th Gen)16 GB LPDDR5X RAMWindows 11 Operating System512 GB SSD35.56 cm (14 inch) Display1Yr Warranty + 1 Yr Premium Care and 1 Yr Accidental Damage Protection,6199011189044% off,Intel Core i5 Processor (13th Gen)16 GB LPDDR5X RAMWindows 11 Operating System512 GB SSD35.56 cm (14 inch) Display1Yr Warranty + 1 Yr Premium Care and 1 Yr Accidental Damage Protection,Lenovo,Unknown,Windows 11,Laptop
COMGZNSBS7Z959EW,HP Backlit Intel Core i5 12th Gen 1235U - (8 GB/512 GB SSD/Windows 11 Home) 15s-fy5002TU Thin and Ligh...,Intel Core i5 Processor (12th Gen)8 GB DDR4 RAM64 bit Windows 11 Operating System512 GB SSD39.62 cm (15.6 Inch) Display1 Year Onsite Warranty,449907006435% off,Intel Core i5 Processor (12th Gen)8 GB DDR4 RAM64 bit Windows 11 Operating System512 GB SSD39.62 cm (15.6 Inch) Display1 Year Onsite Warranty,HP,Unknown,Windows 11,Laptop
COMGQHMZWHRXFWET,CHUWI Intel Celeron Dual Core 11th Gen N4020 - (8 GB/256 GB SSD/Windows 11 Home) HeroBook Pro Laptop,"Light weight, Portable Laptop
RAM/Storage: 8GB LPDDR4 Ram, 256GB M.2 SSD StorageHard-Decoding 4k@60Hz
Graphics/GPU: UHD Graphics 600
Display: 14.1 inch, 16:9 IPS Display
Touchpad: Larger Touchpad with easy control
Keyboard: Chiclet keyboard keysIntel Celeron Dual Core Processor (11th Gen)8 GB DDR4 RAM64 bit Windows 11 Operating System256 GB SSD35.81 cm (14.1 inch) DisplayWPS Office, Operating System Software1 Year Onsite Warranty",169903499051% off,"Light weight, Portable Laptop
RAM/Storage: 8GB LPDDR4 Ram, 256GB M.2 SSD StorageHard-Decoding 4k@60Hz
Graphics/GPU: UHD Graphics 600
Display: 14.1 inch, 16:9 IPS Display
Touchpad: Larger Touchpad with easy control
Keyboard: Chiclet keyboard keysIntel Celeron Dual Core Processor (11th Gen)8 GB DDR4 RAM64 bit Windows 11 Operating System256 GB SSD35.81 cm (14.1 inch) DisplayWPS Office, Operating System Software1 Year Onsite Warranty",CHUWI,Unknown,Windows 11,Laptop
COMGYSFGRDEFFPY6,ASUS Vivobook 15 Intel Core i3 13th Gen 1315U - (8 GB/512 GB SSD/Windows 11 Home) X1504VA-NJ320WS Thin...,Intel Core i3 Processor (13th Gen)8 GB DDR4 RAMWindows 11 Operating System512 GB SSD39.62 cm (15.6 Inch) Display1 Year Onsite warranty,359905499034% off,Intel Core i3 Processor (13th Gen)8 GB DDR4 RAMWindows 11 Operating System512 GB SSD39.62 cm (15.6 Inch) Display1 Year Onsite warranty,ASUS,Unknown,Windows 11,Laptop
COMGVBZBDZJXUZFC,CHUWI Intel Celeron Quad Core 12th Gen N100 - (8 GB/256 GB SSD/Windows 11 Home) GemiBook X_Pro Laptop,"Intel Celeron Quad Core Processor (12th Gen)8 GB LPDDR5 RAM64 bit Windows 11 Home Operating System256 GB SSD35.81 cm (14.1 inch) DisplayWPS Office, Operating System Software1 Year Onsite Warranty",179903499048% off,"Intel Celeron Quad Core Processor (12th Gen)8 GB LPDDR5 RAM64 bit Windows 11 Home Operating System256 GB SSD35.81 cm (14.1 inch) DisplayWPS Office, Operating System Software1 Year Onsite Warranty",CHUWI,Unknown,Windows 11,Laptop
COMGYSFG4WHPVAVZ,MSI Thin 15 Intel Core i5 12th Gen 12450H - (16 GB/512 GB SSD/Windows 11 Home/4 GB Graphics/NVIDIA GeF...,Intel Core i5 Processor (12th Gen)16 GB DDR4 RAMWindows 11 Operating System512 GB SSD39.62 cm (15.6 Inch) Display2 Year Onsite Warranty,529907099025% off,Intel Core i5 Processor (12th Gen)16 GB DDR4 RAMWindows 11 Operating System512 GB SSD39.62 cm (15.6 Inch) Display2 Year Onsite Warranty,MSI,Unknown,Windows 11,Laptop
COMH3BGBNJYFUAMQ,ASUS TUF Gaming A15 AMD Ryzen 5 Hexa Core 7535HS - (8 GB/512 GB SSD/Windows 11 Pro/4 GB Graphics/NVIDI...,AMD Ryzen 5 Hexa Core Processor8 GB DDR5 RAMWindows 11 Operating System512 GB SSD39.62 cm (15.6 Inch) Display1 Year Onsite Warranty,529907099025% off,AMD Ryzen 5 Hexa Core Processor8 GB DDR5 RAMWindows 11 Operating System512 GB SSD39.62 cm (15.6 Inch) Display1 Year Onsite Warranty,ASUS,Unknown,Windows 11,Laptop
COMH4B6CNJXPHGAG,Acer Aspire 3 Intel Core i5 13th Gen 1334U - (8 GB/512 GB SSD/Windows 11 Home) A324-53 Thin and Light ...,Intel Core i5 Processor (13th Gen)8 GB DDR4 RAMWindows 11 Operating System512 GB SSD35.56 cm (14 Inch) Display1 Year Carry-in Warranty,419906499935% off,Intel Core i5 Processor (13th Gen)8 GB DDR4 RAMWindows 11 Operating System512 GB SSD35.56 cm (14 Inch) Display1 Year Carry-in Warranty,Acer,Unknown,Windows 11,Laptop
COMH7NCZGGGWQC4W,Acer Aspire 3 Intel Celeron Dual Core - (8 GB/128 GB SSD/Windows 11 Home) A311-45 Thin and Light Lapto...,Intel Celeron Dual Core Processor8 GB DDR4 RAM64 bit Windows 11 Home Operating System128 GB SSD29.46 cm (11.6 inch) Display1 Year Warranty,159903299951% off,Intel Celeron Dual Core Processor8 GB DDR4 RAM64 bit Windows 11 Home Operating System128 GB SSD29.46 cm (11.6 inch) Display1 Year Warranty,Acer,Unknown,Windows 11,Laptop
COMGFM5BXGAMEWPE,Lenovo IdeaPad 1 AMD Ryzen 5 Quad Core 3500U - (8 GB/512 GB SSD/Windows 11 Home) 15ADA7 Thin and Light...,AMD Ryzen 5 Quad Core Processor8 GB DDR4 RAM64 bit Windows 11 Operating System512 GB SSD39.62 cm (15.6 Inch) Display2 Years Onsite�Warranty,399996009033% off,AMD Ryzen 5 Quad Core Processor8 GB DDR4 RAM64 bit Windows 11 Operating System512 GB SSD39.62 cm (15.6 Inch) Display2 Years Onsite�Warranty,Lenovo,Unknown,Windows 11,Laptop
COMHAQ3VKEQ6F7HU,Lenovo LOQ Essential Intel Core i7 12th Gen 12650HX - (12 GB/512 GB SSD/Windows 11 Home/6 GB Graphics/...,Intel Core i7 Processor (12th Gen)12 GB DDR5 RAMWindows 11 Home Operating System512 GB SSD39.62 cm (15.6 Inch) Display1 Year Onsite Warranty,689909509027% off,Intel Core i7 Processor (12th Gen)12 GB DDR5 RAMWindows 11 Home Operating System512 GB SSD39.62 cm (15.6 Inch) Display1 Year Onsite Warranty,Lenovo,Unknown,Windows 11,Laptop
COMH8EPFKNZHWBDJ,DELL 15 Intel Core i5 12th Gen 1235U - (8 GB/512 GB SSD/Windows 11 Home) 3520 Thin and Light Laptop,"Intel Core i5 Processor (12th Gen)8 GB DDR4 RAMWindows 11 Operating System512 GB SSD39.62 cm (15.6 Inch) DisplayMy Dell (Dell Power Manager,Dell Support Assist)1 Year Onsite Warranty",444906510431% off,"Intel Core i5 Processor (12th Gen)8 GB DDR4 RAMWindows 11 Operating System512 GB SSD39.62 cm (15.6 Inch) DisplayMy Dell (Dell Power Manager,Dell Support Assist)1 Year Onsite Warranty",DELL,Unknown,Windows 11,Laptop
COMH2XBQ5VWHNPYW,"ASUS Vivobook 16X for Creator, Intel Core i5 12th Gen 12500H - (16 GB/512 GB SSD/Windows 11 Home/4 GB ...",Intel Core i5 Processor (12th Gen)16 GB DDR4 RAMWindows 11 Operating System512 GB SSD40.64 cm (16 Inch) Display1 Year Onsite Warranty,718998499915% off,Intel Core i5 Processor (12th Gen)16 GB DDR4 RAMWindows 11 Operating System512 GB SSD40.64 cm (16 Inch) Display1 Year Onsite Warranty,ASUS,Unknown,Windows 11,Laptop
COMH397X2KJ8XCHR,Acer Aspire 3 AMD Ryzen 3 Quad Core 7330U - (8 GB/512 GB SSD/Windows 11 Home) A325-42 Thin and Light L...,AMD Ryzen 3 Quad Core Processor8 GB DDR4 RAMWindows 11 Operating System512 GB SSD39.62 cm (15.6 Inch) Display1 Year Carry-in Warranty,279904499037% off,AMD Ryzen 3 Quad Core Processor8 GB DDR4 RAMWindows 11 Operating System512 GB SSD39.62 cm (15.6 Inch) Display1 Year Carry-in Warranty,Acer,Unknown,Windows 11,Laptop
COMHFT2NY5V7RCMK,ASUS TUF Gaming A15 AMD Ryzen 7 Octa Core 7435HS - (16 GB/512 GB SSD/Windows 11 Home/4 GB Graphics/NVI...,AMD Ryzen 7 Octa Core Processor16 GB DDR5 RAMWindows 11 Home Operating System512 GB SSD39.62 cm (15.6 inch) Display1 Year Carry-in Warranty,648908699025% off,AMD Ryzen 7 Octa Core Processor16 GB DDR5 RAMWindows 11 Home Operating System512 GB SSD39.62 cm (15.6 inch) Display1 Year Carry-in Warranty,ASUS,Unknown,Windows 11,Laptop
COMH8EPFKG4RAVTE,DELL 15 Intel Core i3 12th Gen 1215U - (8 GB/512 GB SSD/Windows 11 Home) 3520 Thin and Light Laptop,"Intel Core i3 Processor (12th Gen)8 GB DDR4 RAMWindows 11 Operating System512 GB SSD39.62 cm (15.6 Inch) DisplayMy Dell (Dell Power Manager,Dell Support Assist)1 Year Onsite Warranty",349904852927% off,"Intel Core i3 Processor (12th Gen)8 GB DDR4 RAMWindows 11 Operating System512 GB SSD39.62 cm (15.6 Inch) DisplayMy Dell (Dell Power Manager,Dell Support Assist)1 Year Onsite Warranty",DELL,Unknown,Windows 11,Laptop
COMH2F22XWP7DQFM,DELL 15 Intel Core i3 12th Gen 1215U - (8 GB/512 GB SSD/Windows 11 Home) 3520 Thin and Light Laptop,"Intel Core i3 Processor (12th Gen)8 GB DDR4 RAM64 bit Windows 11 Operating System512 GB SSD39.62 cm (15.6 inch) DisplayMy Dell (Dell Power Manager,Dell Support Assist)1 Year Onsite Hardware Service",329904486126% off,"Intel Core i3 Processor (12th Gen)8 GB DDR4 RAM64 bit Windows 11 Operating System512 GB SSD39.62 cm (15.6 inch) DisplayMy Dell (Dell Power Manager,Dell Support Assist)1 Year Onsite Hardware Service",DELL,Unknown,Windows 11,Laptop
COMHFT2NEWGYDWAV,ASUS TUF Gaming A15 AMD Ryzen 7 Octa Core 7435HS - (16 GB/512 GB SSD/Windows 11 Home/4 GB Graphics/NVI...,AMD Ryzen 7 Octa Core Processor16 GB DDR5 RAMWindows 11 Home Operating System512 GB SSD39.62 cm (15.6 inch) Display1 Year Carry-in Warranty,569907599025% off,AMD Ryzen 7 Octa Core Processor16 GB DDR5 RAMWindows 11 Home Operating System512 GB SSD39.62 cm (15.6 inch) Display1 Year Carry-in Warranty,ASUS,Unknown,Windows 11,Laptop
COMGZVGHE9QU8C6M,HP 15s Intel Core i3 12th Gen 1215U - (8 GB/512 GB SSD/Windows 11 Home) 15s-fy5003TU Thin and Light La...,Intel Core i3 Processor (12th Gen)8 GB DDR4 RAMWindows 11 Operating System512 GB SSD39.62 cm (15.6 inch) Display1 Year Onsite Warranty,329905126635% off,Intel Core i3 Processor (12th Gen)8 GB DDR4 RAMWindows 11 Operating System512 GB SSD39.62 cm (15.6 inch) Display1 Year Onsite Warranty,HP,Unknown,Windows 11,Laptop
COMGQN94CKCN3EYH,DELL Intel Core i3 13th Gen - (8 GB/512 GB SSD/Windows 11 Home) 3530 Thin and Light Laptop,Intel Core i3 Processor (13th Gen)8 GB DDR4 RAMWindows 11 Operating System512 GB SSD39.62 cm (15.6 inch) Display1 year domestic warranty,339904914930% off,Intel Core i3 Processor (13th Gen)8 GB DDR4 RAMWindows 11 Operating System512 GB SSD39.62 cm (15.6 inch) Display1 year domestic warranty,DELL,Unknown,Windows 11,Laptop
COMH8EPFGAZ5HFM3,DELL 15 AMD Ryzen 5 Hexa Core 7530U - (16 GB/512 GB SSD/Windows 11 Home) 3535 Thin and Light Laptop,"AMD Ryzen 5 Hexa Core Processor16 GB DDR4 RAMWindows 11 Operating System512 GB SSD39.62 cm (15.6 Inch) DisplayMy Dell (Dell Power Manager,Dell Support Assist)1 Year Onsite Warranty",419905513523% off,"AMD Ryzen 5 Hexa Core Processor16 GB DDR4 RAMWindows 11 Operating System512 GB SSD39.62 cm (15.6 Inch) DisplayMy Dell (Dell Power Manager,Dell Support Assist)1 Year Onsite Warranty",DELL,Unknown,Windows 11,Laptop
COMGXNZGJV3MEMWM,HP Intel Core i5 12th Gen 1235U - (16 GB/512 GB SSD/Windows 11 Home) 15s-fq5330TU|15-fd0111TU Thin and...,Intel Core i5 Processor (12th Gen)16 GB DDR4 RAMWindows 11 Operating System512 GB SSD39.62 cm (15.6 inch) Display1 Year Onsite warranty,499906252620% off,Intel Core i5 Processor (12th Gen)16 GB DDR4 RAMWindows 11 Operating System512 GB SSD39.62 cm (15.6 inch) Display1 Year Onsite warranty,HP,Unknown,Windows 11,Laptop
COMH8EPFD8X9WXDZ,DELL 15 Intel Core i5 12th Gen 1235U - (8 GB/512 GB SSD/Windows 11 Home) 3520 Thin and Light Laptop,"Intel Core i5 Processor (12th Gen)8 GB DDR4 RAMWindows 11 Operating System512 GB SSD39.62 cm (15.6 Inch) DisplayMy Dell (Dell Power Manager,Dell Support Assist)1 Year Onsite Warranty",459906241526% off,"Intel Core i5 Processor (12th Gen)8 GB DDR4 RAMWindows 11 Operating System512 GB SSD39.62 cm (15.6 Inch) DisplayMy Dell (Dell Power Manager,Dell Support Assist)1 Year Onsite Warranty",DELL,Unknown,Windows 11,Laptop
COMH8QXWHJRQKR6P,HP MSO 2024 Intel Core i5 13th Gen 1334U - (16 GB/512 GB SSD/Windows 11 Home) fd0467TU Thin and Light ...,Intel Core i5 Processor (13th Gen)16 GB DDR4 RAMWindows 11 Home Operating System512 GB SSD39.62 cm (15.6 inch) DisplayMicrosoft Office H&S Edition 20241 Year Carry-in Warranty,569906538712% off,Intel Core i5 Processor (13th Gen)16 GB DDR4 RAMWindows 11 Home Operating System512 GB SSD39.62 cm (15.6 inch) DisplayMicrosoft Office H&S Edition 20241 Year Carry-in Warranty,HP,Unknown,Windows 11,Laptop
COMH6ZKTTGFFBJZA,Acer Swift Go 14 Snapdragon X Plus - (16 GB/512 GB SSD/Windows 11 Home) SFG14-01-X9C8 Thin and Light L...,Snapdragon X Plus Processor16 GB LPDDR5X RAMWindows 11 Operating System512 GB SSD36.83 cm (14.5 Inch) Display1 Year Carry-in Warranty,5999010879944% off,Snapdragon X Plus Processor16 GB LPDDR5X RAMWindows 11 Operating System512 GB SSD36.83 cm (14.5 Inch) Display1 Year Carry-in Warranty,Acer,Unknown,Windows 11,Laptop
COMGZNSBS7Z959EW,HP Backlit Intel Core i5 12th Gen 1235U - (8 GB/512 GB SSD/Windows 11 Home) 15s-fy5002TU Thin and Ligh...,Intel Core i5 Processor (12th Gen)8 GB DDR4 RAM64 bit Windows 11 Operating System512 GB SSD39.62 cm (15.6 Inch) Display1 Year Onsite Warranty,449907006435% off,Intel Core i5 Processor (12th Gen)8 GB DDR4 RAM64 bit Windows 11 Operating System512 GB SSD39.62 cm (15.6 Inch) Display1 Year Onsite Warranty,HP,Unknown,Windows 11,Laptop
COMGQHMZWHRXFWET,CHUWI Intel Celeron Dual Core 11th Gen N4020 - (8 GB/256 GB SSD/Windows 11 Home) HeroBook Pro Laptop,"Light weight, Portable Laptop
RAM/Storage: 8GB LPDDR4 Ram, 256GB M.2 SSD StorageHard-Decoding 4k@60Hz
Graphics/GPU: UHD Graphics 600
Display: 14.1 inch, 16:9 IPS Display
Touchpad: Larger Touchpad with easy control
Keyboard: Chiclet keyboard keysIntel Celeron Dual Core Processor (11th Gen)8 GB DDR4 RAM64 bit Windows 11 Operating System256 GB SSD35.81 cm (14.1 inch) DisplayWPS Office, Operating System Software1 Year Onsite Warranty",169903499051% off,"Light weight, Portable Laptop
RAM/Storage: 8GB LPDDR4 Ram, 256GB M.2 SSD StorageHard-Decoding 4k@60Hz
Graphics/GPU: UHD Graphics 600
Display: 14.1 inch, 16:9 IPS Display
Touchpad: Larger Touchpad with easy control
Keyboard: Chiclet keyboard keysIntel Celeron Dual Core Processor (11th Gen)8 GB DDR4 RAM64 bit Windows 11 Operating System256 GB SSD35.81 cm (14.1 inch) DisplayWPS Office, Operating System Software1 Year Onsite Warranty",CHUWI,Unknown,Windows 11,Laptop
COMH59E4SZYVDQUU,Acer Aspire Intel Core i5 12th Gen 12450H - (16 GB/512 GB SSD/Windows 11 Home) AL15-52H Thin and Light...,Intel Core i5 Processor (12th Gen)16 GB LPDDR5 RAMWindows 11 Home Operating System512 GB SSD39.62 cm (15.6 inch) Display1 Year Carry-in Warranty,449905699021% off,Intel Core i5 Processor (12th Gen)16 GB LPDDR5 RAMWindows 11 Home Operating System512 GB SSD39.62 cm (15.6 inch) Display1 Year Carry-in Warranty,Acer,Unknown,Windows 11,Laptop
COMH8Z2QK37PNMFZ,ASUS Expertbook P1 Intel Core i7 13th Gen 13620H - (16 GB/512 GB SSD/Windows 11 Home) P1503CVA-S71042W...,"Intel Core i7 Processor (13th Gen)16 GB DDR5 RAMWindows 11 Home Operating System512 GB SSD39.62 cm (15.6 inch) DisplayMicrosoft Office Home 2024, Microsoft 365 Basic1 Year Onsite Warranty",629909999037% off,"Intel Core i7 Processor (13th Gen)16 GB DDR5 RAMWindows 11 Home Operating System512 GB SSD39.62 cm (15.6 inch) DisplayMicrosoft Office Home 2024, Microsoft 365 Basic1 Year Onsite Warranty",ASUS,Unknown,Windows 11,Laptop
COMH9499MNGSKSBV,"ASUS Vivobook 16X (2025) for Creator with Office 2024 + M365 Basic, Intel Core i5 13th Gen 13420H - (1...","Intel Core i5 Processor (13th Gen)16 GB DDR4 RAMWindows 11 Home Operating System512 GB SSD40.64 cm (16 Inch) DisplayMicrosoft Office Home 2024 (Lifetime Validity ) + Microsoft 365 Basic (1-Year Validity),�McAfee -1 year, One-Month Membership of Adobe Creative Cloud All Apps1 Year Onsite Warranty",689908999023% off,"Intel Core i5 Processor (13th Gen)16 GB DDR4 RAMWindows 11 Home Operating System512 GB SSD40.64 cm (16 Inch) DisplayMicrosoft Office Home 2024 (Lifetime Validity ) + Microsoft 365 Basic (1-Year Validity),�McAfee -1 year, One-Month Membership of Adobe Creative Cloud All Apps1 Year Onsite Warranty",ASUS,Unknown,Windows 11,Laptop
COMH96FBAGNN8GPZ,ASUS Vivobook 15 Intel Core i7 13th Gen 13620H - (16 GB/512 GB SSD/Windows 11 Home) X1502VA-BQ838WS Th...,Intel Core i7 Processor (13th Gen)16 GB DDR4 RAMWindows 11 Home Operating System512 GB SSD39.62 cm (15.6 Inch) Display1 Year Onsite Warranty,619908599027% off,Intel Core i7 Processor (13th Gen)16 GB DDR4 RAMWindows 11 Home Operating System512 GB SSD39.62 cm (15.6 Inch) Display1 Year Onsite Warranty,ASUS,Unknown,Windows 11,Laptop
COMGYSFG4WHPVAVZ,MSI Thin 15 Intel Core i5 12th Gen 12450H - (16 GB/512 GB SSD/Windows 11 Home/4 GB Graphics/NVIDIA GeF...,Intel Core i5 Processor (12th Gen)16 GB DDR4 RAMWindows 11 Operating System512 GB SSD39.62 cm (15.6 Inch) Display2 Year Onsite Warranty,529907099025% off,Intel Core i5 Processor (12th Gen)16 GB DDR4 RAMWindows 11 Operating System512 GB SSD39.62 cm (15.6 Inch) Display2 Year Onsite Warranty,MSI,Unknown,Windows 11,Laptop
COMH3BGBNJYFUAMQ,ASUS TUF Gaming A15 AMD Ryzen 5 Hexa Core 7535HS - (8 GB/512 GB SSD/Windows 11 Pro/4 GB Graphics/NVIDI...,AMD Ryzen 5 Hexa Core Processor8 GB DDR5 RAMWindows 11 Operating System512 GB SSD39.62 cm (15.6 Inch) Display1 Year Onsite Warranty,529907099025% off,AMD Ryzen 5 Hexa Core Processor8 GB DDR5 RAMWindows 11 Operating System512 GB SSD39.62 cm (15.6 Inch) Display1 Year Onsite Warranty,ASUS,Unknown,Windows 11,Laptop
COMHYXVABRPB2XQ5,Lenovo LOQ Intel Core i5 12th Gen 12450HX - (16 GB/512 GB SSD/Windows 11 Home/6 GB Graphics/NVIDIA GeF...,Intel Core i5 Processor (12th Gen)16 GB DDR5 RAMWindows 11 Operating System512 GB SSD39.62 cm (15.6 inch) Display1Yr Warranty and 1 Yr Accidental Damage Protection,7299010509030% off,Intel Core i5 Processor (12th Gen)16 GB DDR5 RAMWindows 11 Operating System512 GB SSD39.62 cm (15.6 inch) Display1Yr Warranty and 1 Yr Accidental Damage Protection,Lenovo,Unknown,Windows 11,Laptop
COMGYHP5MCEYZHSV,HP (15s-fq5007TU) Intel Core i3 12th Gen 1215U - (8 GB/512 GB SSD/Windows 11 Home) 15s-fq5327TU / FD00...,Intel Core i3 Processor (12th Gen)8 GB DDR4 RAM64 bit Windows 11 Operating System512 GB SSD39.62 cm (15.6 inch) DisplayMicrosoft Office Home & Student 20211 Year Onsite Warranty,364905113428% off,Intel Core i3 Processor (12th Gen)8 GB DDR4 RAM64 bit Windows 11 Operating System512 GB SSD39.62 cm (15.6 inch) DisplayMicrosoft Office Home & Student 20211 Year Onsite Warranty,HP,Unknown,Windows 11,Laptop
COMH8EPFKNZHWBDJ,DELL 15 Intel Core i5 12th Gen 1235U - (8 GB/512 GB SSD/Windows 11 Home) 3520 Thin and Light Laptop,"Intel Core i5 Processor (12th Gen)8 GB DDR4 RAMWindows 11 Operating System512 GB SSD39.62 cm (15.6 Inch) DisplayMy Dell (Dell Power Manager,Dell Support Assist)1 Year Onsite Warranty",444906510431% off,"Intel Core i5 Processor (12th Gen)8 GB DDR4 RAMWindows 11 Operating System512 GB SSD39.62 cm (15.6 Inch) DisplayMy Dell (Dell Power Manager,Dell Support Assist)1 Year Onsite Warranty",DELL,Unknown,Windows 11,Laptop
COMH2XBQ5VWHNPYW,"ASUS Vivobook 16X for Creator, Intel Core i5 12th Gen 12500H - (16 GB/512 GB SSD/Windows 11 Home/4 GB ...",Intel Core i5 Processor (12th Gen)16 GB DDR4 RAMWindows 11 Operating System512 GB SSD40.64 cm (16 Inch) Display1 Year Onsite Warranty,718998499915% off,Intel Core i5 Processor (12th Gen)16 GB DDR4 RAMWindows 11 Operating System512 GB SSD40.64 cm (16 Inch) Display1 Year Onsite Warranty,ASUS,Unknown,Windows 11,Laptop
COMGN2YDSFGGXYG3,Lenovo IdeaPad Slim 1 AMD Ryzen 5 Hexa Core 5500U - (16 GB/512 GB SSD/Windows 11 Home) 15ALC7 Thin and...,AMD Ryzen 5 Hexa Core Processor16 GB DDR4 RAMWindows 11 Operating System512 GB SSD39.62 cm (15.6 inch) DisplayMicrosoft Office Home & Student 20212 Yr Warranty,373506199039% off,AMD Ryzen 5 Hexa Core Processor16 GB DDR4 RAMWindows 11 Operating System512 GB SSD39.62 cm (15.6 inch) DisplayMicrosoft Office Home & Student 20212 Yr Warranty,Lenovo,Unknown,Windows 11,Laptop
COMGQY48KGHRAF3B,HP Intel Core i3 13th Gen 1215U - (16 GB/512 GB SSD/Windows 11 Home) 15s-fy5004TU Thin and Light Lapto...,Intel Core i3 Processor (13th Gen)16 GB DDR4 RAMWindows 11 Operating System512 GB SSD39.62 cm (15.6 inch) Display1 Year Onsite Warranty,419905272120% off,Intel Core i3 Processor (13th Gen)16 GB DDR4 RAMWindows 11 Operating System512 GB SSD39.62 cm (15.6 inch) Display1 Year Onsite Warranty,HP,Unknown,Windows 11,Laptop
COMHYG8ZDVPTUYYB,Lenovo IdeaPad 1 AMD Ryzen 7 Octa Core 5700U - (16 GB/512 GB SSD/Windows 11 Home) 15ALC7 Thin and Ligh...,AMD Ryzen 7 Octa Core Processor16 GB DDR4 RAMWindows 11 Operating System512 GB SSD39.62 cm (15.6 inch) Display1 Yr. Onsite + 1 Yr. Accidental Damage Protection,399907499046% off,AMD Ryzen 7 Octa Core Processor16 GB DDR4 RAMWindows 11 Operating System512 GB SSD39.62 cm (15.6 inch) Display1 Yr. Onsite + 1 Yr. Accidental Damage Protection,Lenovo,Unknown,Windows 11,Laptop
COMH8EPFGGZ9VRF6,DELL Inspiron 3535 AMD Ryzen 5 Quad Core 7520U - (8 GB/512 GB SSD/Windows 11 Home) Inspiron 3535 Thin ...,AMD Ryzen 5 Quad Core Processor8 GB LPDDR5 RAMWindows 11 Operating System512 GB SSD39.62 cm (15.6 Inch) Display1 Year Onsite Warranty,379995030424% off,AMD Ryzen 5 Quad Core Processor8 GB LPDDR5 RAMWindows 11 Operating System512 GB SSD39.62 cm (15.6 Inch) Display1 Year Onsite Warranty,DELL,Unknown,Windows 11,Laptop
COMH8EPFKG4RAVTE,DELL 15 Intel Core i3 12th Gen 1215U - (8 GB/512 GB SSD/Windows 11 Home) 3520 Thin and Light Laptop,"Intel Core i3 Processor (12th Gen)8 GB DDR4 RAMWindows 11 Operating System512 GB SSD39.62 cm (15.6 Inch) DisplayMy Dell (Dell Power Manager,Dell Support Assist)1 Year Onsite Warranty",349904852927% off,"Intel Core i3 Processor (12th Gen)8 GB DDR4 RAMWindows 11 Operating System512 GB SSD39.62 cm (15.6 Inch) DisplayMy Dell (Dell Power Manager,Dell Support Assist)1 Year Onsite Warranty",DELL,Unknown,Windows 11,Laptop
COMH2F22XWP7DQFM,DELL 15 Intel Core i3 12th Gen 1215U - (8 GB/512 GB SSD/Windows 11 Home) 3520 Thin and Light Laptop,"Intel Core i3 Processor (12th Gen)8 GB DDR4 RAM64 bit Windows 11 Operating System512 GB SSD39.62 cm (15.6 inch) DisplayMy Dell (Dell Power Manager,Dell Support Assist)1 Year Onsite Hardware Service",329904486126% off,"Intel Core i3 Processor (12th Gen)8 GB DDR4 RAM64 bit Windows 11 Operating System512 GB SSD39.62 cm (15.6 inch) DisplayMy Dell (Dell Power Manager,Dell Support Assist)1 Year Onsite Hardware Service",DELL,Unknown,Windows 11,Laptop
COMGYSFGHPSWGZSV,Lenovo LOQ Intel Core i5 13th Gen 13450HX - (16 GB/512 GB SSD/Windows 11 Home/6 GB Graphics/NVIDIA GeF...,Intel Core i5 Processor (13th Gen)16 GB DDR5 RAMWindows 11 Operating System512 GB SSD39.62 cm (15.6 Inch) DisplayOffice Home & Student 20211Yr Warranty and 1 Yr Accidental Damage Protection,7799010449025% off,Intel Core i5 Processor (13th Gen)16 GB DDR5 RAMWindows 11 Operating System512 GB SSD39.62 cm (15.6 Inch) DisplayOffice Home & Student 20211Yr Warranty and 1 Yr Accidental Damage Protection,Lenovo,Unknown,Windows 11,Laptop
COMHFYZ3FDVNVJU7,Lenovo LOQ AMD Ryzen 5 Quad Core 7235HS - (24 GB/512 GB SSD/Windows 11 Home/6 GB Graphics/NVIDIA GeFor...,AMD Ryzen 5 Quad Core Processor24 GB DDR5 RAMWindows 11 Operating System512 GB SSD39.62 cm (15.6 Inch) Display1Yr Warranty and 1 Yr Accidental Damage Protection,669908269018% off,AMD Ryzen 5 Quad Core Processor24 GB DDR5 RAMWindows 11 Operating System512 GB SSD39.62 cm (15.6 Inch) Display1Yr Warranty and 1 Yr Accidental Damage Protection,Lenovo,Unknown,Windows 11,Laptop
COMGXNZGJV3MEMWM,HP Intel Core i5 12th Gen 1235U - (16 GB/512 GB SSD/Windows 11 Home) 15s-fq5330TU|15-fd0111TU Thin and...,Intel Core i5 Processor (12th Gen)16 GB DDR4 RAMWindows 11 Operating System512 GB SSD39.62 cm (15.6 inch) Display1 Year Onsite warranty,499906252620% off,Intel Core i5 Processor (12th Gen)16 GB DDR4 RAMWindows 11 Operating System512 GB SSD39.62 cm (15.6 inch) Display1 Year Onsite warranty,HP,Unknown,Windows 11,Laptop
COMH8EPFD8X9WXDZ,DELL 15 Intel Core i5 12th Gen 1235U - (8 GB/512 GB SSD/Windows 11 Home) 3520 Thin and Light Laptop,"Intel Core i5 Processor (12th Gen)8 GB DDR4 RAMWindows 11 Operating System512 GB SSD39.62 cm (15.6 Inch) DisplayMy Dell (Dell Power Manager,Dell Support Assist)1 Year Onsite Warranty",459906241526% off,"Intel Core i5 Processor (12th Gen)8 GB DDR4 RAMWindows 11 Operating System512 GB SSD39.62 cm (15.6 Inch) DisplayMy Dell (Dell Power Manager,Dell Support Assist)1 Year Onsite Warranty",DELL,Unknown,Windows 11,Laptop
COMH9499ZGGSBUHQ,ASUS Vivobook Go 15 AMD Ryzen 5 Quad Core 7520U - (8 GB/512 GB SSD/Windows 11 Home) E1504FA-NJ133WS Th...,AMD Ryzen 5 Quad Core Processor8 GB LPDDR5 RAMWindows 11 Home Operating System512 GB SSD39.62 cm (15.6 Inch) DisplayMicrosoft Office Home 2024 + Microsoft 365 Basic1 Year Onsite Warranty,349905099031% off,AMD Ryzen 5 Quad Core Processor8 GB LPDDR5 RAMWindows 11 Home Operating System512 GB SSD39.62 cm (15.6 Inch) DisplayMicrosoft Office Home 2024 + Microsoft 365 Basic1 Year Onsite Warranty,ASUS,Unknown,Windows 11,Laptop
COMGMGXFTYZZUJYW,ASUS Vivobook Go 15 OLED AMD Ryzen 5 Quad Core 7520U - (8 GB/512 GB SSD/Windows 11 Home) E1504FA-LK523...,AMD Ryzen 5 Quad Core Processor8 GB LPDDR5 RAMWindows 11 Operating System512 GB SSD39.62 cm (15.6 Inch) Display1 Year Onsite Warranty,409907499045% off,AMD Ryzen 5 Quad Core Processor8 GB LPDDR5 RAMWindows 11 Operating System512 GB SSD39.62 cm (15.6 Inch) Display1 Year Onsite Warranty,ASUS,Unknown,Windows 11,Laptop
COMH397XPF4Z3BMX,Acer Aspire 3 Backlit AMD Ryzen 7 Octa Core 7730U - (16 GB/512 GB SSD/Windows 11 Home) A325-42 Thin an...,AMD Ryzen 7 Octa Core Processor16 GB DDR4 RAMWindows 11 Operating System512 GB SSD39.62 cm (15.6 Inch) Display1 Year Carry-in Warranty,409907499045% off,AMD Ryzen 7 Octa Core Processor16 GB DDR4 RAMWindows 11 Operating System512 GB SSD39.62 cm (15.6 Inch) Display1 Year Carry-in Warranty,Acer,Unknown,Windows 11,Laptop
COMH7ZE6HHRCSSFQ,DELL MSO'2024 Intel Core i3 13th Gen 1305U - (8 GB/512 GB SSD/Windows 11 Home) Inspiron 3530 Thin and ...,Intel Core i3 Processor (13th Gen)8 GB DDR4 RAM64 bit Windows 11 Home Operating System512 GB SSD39.62 cm (15.6 inch) DisplayMicrosoft Office Home & Student 20241 Year Onsite Hardware Service,349904942229% off,Intel Core i3 Processor (13th Gen)8 GB DDR4 RAM64 bit Windows 11 Home Operating System512 GB SSD39.62 cm (15.6 inch) DisplayMicrosoft Office Home & Student 20241 Year Onsite Hardware Service,DELL,Unknown,Windows 11,Laptop
COMGZNSBS7Z959EW,HP Backlit Intel Core i5 12th Gen 1235U - (8 GB/512 GB SSD/Windows 11 Home) 15s-fy5002TU Thin and Ligh...,Intel Core i5 Processor (12th Gen)8 GB DDR4 RAM64 bit Windows 11 Operating System512 GB SSD39.62 cm (15.6 Inch) Display1 Year Onsite Warranty,449907006435% off,Intel Core i5 Processor (12th Gen)8 GB DDR4 RAM64 bit Windows 11 Operating System512 GB SSD39.62 cm (15.6 Inch) Display1 Year Onsite Warranty,HP,Unknown,Windows 11,Laptop
COMGQHMZWHRXFWET,CHUWI Intel Celeron Dual Core 11th Gen N4020 - (8 GB/256 GB SSD/Windows 11 Home) HeroBook Pro Laptop,"Light weight, Portable Laptop
RAM/Storage: 8GB LPDDR4 Ram, 256GB M.2 SSD StorageHard-Decoding 4k@60Hz
Graphics/GPU: UHD Graphics 600
Display: 14.1 inch, 16:9 IPS Display
Touchpad: Larger Touchpad with easy control
Keyboard: Chiclet keyboard keysIntel Celeron Dual Core Processor (11th Gen)8 GB DDR4 RAM64 bit Windows 11 Operating System256 GB SSD35.81 cm (14.1 inch) DisplayWPS Office, Operating System Software1 Year Onsite Warranty",169903499051% off,"Light weight, Portable Laptop
RAM/Storage: 8GB LPDDR4 Ram, 256GB M.2 SSD StorageHard-Decoding 4k@60Hz
Graphics/GPU: UHD Graphics 600
Display: 14.1 inch, 16:9 IPS Display
Touchpad: Larger Touchpad with easy control
Keyboard: Chiclet keyboard keysIntel Celeron Dual Core Processor (11th Gen)8 GB DDR4 RAM64 bit Windows 11 Operating System256 GB SSD35.81 cm (14.1 inch) DisplayWPS Office, Operating System Software1 Year Onsite Warranty",CHUWI,Unknown,Windows 11,Laptop
COMH6XHKJSQN4CT3,Lenovo Lenovo V15 G3 IAP Intel Core i5 12th Gen 1235U - (16 GB/512 GB SSD/Windows 11 Home) 82TTA07RIH ...,Intel Core i5 Processor (12th Gen)16 GB DDR4 RAMWindows 11 Operating System512 GB SSD39.62 cm (15.6 Inch) Display1 Year Onsite Warranty,391419201457% off,Intel Core i5 Processor (12th Gen)16 GB DDR4 RAMWindows 11 Operating System512 GB SSD39.62 cm (15.6 Inch) Display1 Year Onsite Warranty,Lenovo,Unknown,Windows 11,Laptop
COMGMGXFB2KYFGZN,ASUS Vivobook Go 15 OLED AMD Ryzen 3 Quad Core 7320U - (8 GB/512 GB SSD/Windows 11 Home) E1504FA-LK321...,AMD Ryzen 3 Quad Core Processor8 GB LPDDR5 RAMWindows 11 Operating System512 GB SSD39.62 cm (15.6 Inch) Display1 Year Onsite Warranty,349906199043% off,AMD Ryzen 3 Quad Core Processor8 GB LPDDR5 RAMWindows 11 Operating System512 GB SSD39.62 cm (15.6 Inch) Display1 Year Onsite Warranty,ASUS,Unknown,Windows 11,Laptop
COMGYSFG4WHPVAVZ,MSI Thin 15 Intel Core i5 12th Gen 12450H - (16 GB/512 GB SSD/Windows 11 Home/4 GB Graphics/NVIDIA GeF...,Intel Core i5 Processor (12th Gen)16 GB DDR4 RAMWindows 11 Operating System512 GB SSD39.62 cm (15.6 Inch) Display2 Year Onsite Warranty,529907099025% off,Intel Core i5 Processor (12th Gen)16 GB DDR4 RAMWindows 11 Operating System512 GB SSD39.62 cm (15.6 Inch) Display2 Year Onsite Warranty,MSI,Unknown,Windows 11,Laptop
COMH3BGBNJYFUAMQ,ASUS TUF Gaming A15 AMD Ryzen 5 Hexa Core 7535HS - (8 GB/512 GB SSD/Windows 11 Pro/4 GB Graphics/NVIDI...,AMD Ryzen 5 Hexa Core Processor8 GB DDR5 RAMWindows 11 Operating System512 GB SSD39.62 cm (15.6 Inch) Display1 Year Onsite Warranty,529907099025% off,AMD Ryzen 5 Hexa Core Processor8 GB DDR5 RAMWindows 11 Operating System512 GB SSD39.62 cm (15.6 Inch) Display1 Year Onsite Warranty,ASUS,Unknown,Windows 11,Laptop
COMGMGXFE9F37AMQ,ASUS Vivobook Go 15 OLED AMD Ryzen 3 Quad Core 7320U - (8 GB/512 GB SSD/Windows 11 Home) E1504FA-LK322...,AMD Ryzen 3 Quad Core Processor8 GB LPDDR5 RAMWindows 11 Operating System512 GB SSD39.62 cm (15.6 Inch) Display1 Year Onsite Warranty,349906199043% off,AMD Ryzen 3 Quad Core Processor8 GB LPDDR5 RAMWindows 11 Operating System512 GB SSD39.62 cm (15.6 Inch) Display1 Year Onsite Warranty,ASUS,Unknown,Windows 11,Laptop
COMHYWSWMFQQBCG3,ASUS Vivobook 15 Intel Core i5 12th Gen 1235U - (8 GB/512 GB SSD/Windows 11 Home) X1504ZA-NJ521WS|X150...,Intel Core i5 Processor (12th Gen)8 GB DDR4 RAMWindows 11 Operating System512 GB SSD39.62 cm (15.6 Inch) Display1 Year Onsite Warranty,409906999041% off,Intel Core i5 Processor (12th Gen)8 GB DDR4 RAMWindows 11 Operating System512 GB SSD39.62 cm (15.6 Inch) Display1 Year Onsite Warranty,ASUS,Unknown,Windows 11,Laptop
COMH397XVTZNMYGX,Acer Aspire 3 Backlit AMD Ryzen 5 Hexa Core 7430U - (8 GB/512 GB SSD/Windows 11 Home) A325-42 Thin and...,AMD Ryzen 5 Hexa Core Processor8 GB DDR4 RAMWindows 11 Operating System512 GB SSD39.62 cm (15.6 Inch) Display1 Year Carry-in Warranty,359905499034% off,AMD Ryzen 5 Hexa Core Processor8 GB DDR4 RAMWindows 11 Operating System512 GB SSD39.62 cm (15.6 Inch) Display1 Year Carry-in Warranty,Acer,Unknown,Windows 11,Laptop
COMH3G96CZNHARJZ,Acer Aspire 7 Intel Core i5 13th Gen 13420H - (8 GB/512 GB SSD/Windows 11 Home/4 GB Graphics/NVIDIA Ge...,Intel Core i5 Processor (13th Gen)8 GB DDR4 RAMWindows 11 Operating System512 GB SSD39.62 cm (15.6 Inch) Display1 Year Onsite Warranty,549907999931% off,Intel Core i5 Processor (13th Gen)8 GB DDR4 RAMWindows 11 Operating System512 GB SSD39.62 cm (15.6 Inch) Display1 Year Onsite Warranty,Acer,Unknown,Windows 11,Laptop
